{
  "$schema": "http://json-schema.org/draft-06/schema#",
  "comment": "OCPP 2.0.1 FINAL",
  "definitions": {
	"CustomDataType": {
	  "description": "This class does not get 'AdditionalProperties = false' in the schema generation, so it can be extended with arbitrary JSON properties to allow adding custom data.",
	  "javaType": "CustomData",
	  "type": "object",
	  "properties": {
		"vendorId": {
		  "type": "string",
		  "maxLength": 255
		}
	  },
	  "required": [
		"vendorId"
	  ]
	},
	"ChargingProfilePurposeEnumType": {
	  "description": "Charging_ Profile. Charging_ Profile_ Purpose. Charging_ Profile_ Purpose_ Code\r\nurn:x-oca:ocpp:uid:1:569231\r\nSpecifies to purpose of the charging profiles that will be cleared, if they meet the other criteria in the request.\r\n",
	  "javaType": "ChargingProfilePurposeEnum",
	  "type": "string",
	  "additionalProperties": false,
	  "enum": [
		"ChargingStationExternalConstraints",
		"ChargingStationMaxProfile",
		"TxDefaultProfile",
		"TxProfile"
	  ]
	},
	"ClearChargingProfileType": {
	  "description": "Charging_ Profile\r\nurn:x-oca:ocpp:uid:2:233255\r\nA ChargingProfile consists of a ChargingSchedule, describing the amount of power or current that can be delivered per time interval.\r\n",
	  "javaType": "ClearChargingProfile",
	  "type": "object",
	  "additionalProperties": false,
	  "properties": {
		"customData": {
		  "$ref": "#/definitions/CustomDataType"
		},
		"evseId": {
		  "description": "Identified_ Object. MRID. Numeric_ Identifier\r\nurn:x-enexis:ecdm:uid:1:569198\r\nSpecifies the id of the EVSE for which to clear charging profiles. An evseId of zero (0) specifies the charging profile for the overall Charging Station. Absence of this parameter means the clearing applies to all charging profiles that match the other criteria in the request.\r\n\r\n",
		  "type": "integer"
		},
		"chargingProfilePurpose": {
		  "$ref": "#/definitions/ChargingProfilePurposeEnumType"
		},
		"stackLevel": {
		  "description": "Charging_ Profile. Stack_ Level. Counter\r\nurn:x-oca:ocpp:uid:1:569230\r\nSpecifies the stackLevel for which charging profiles will be cleared, if they meet the other criteria in the request.\r\n",
		  "type": "integer"
		}
	  }
	}
  },
  "type": "object",
  "additionalProperties": false,
  "properties": {
	"customData": {
	  "$ref": "#/definitions/CustomDataType"
	},
	"chargingProfileId": {
	  "description": "The Id of the charging profile to clear.\r\n",
	  "type": "integer"
	},
	"chargingProfileCriteria": {
	  "$ref": "#/definitions/ClearChargingProfileType"
	}
  }
}