{
  "$schema": "http://json-schema.org/draft-06/schema#",
  "comment": "OCPP 2.0.1 FINAL",
  "definitions": {
	"CustomDataType": {
	  "description": "This class does not get 'AdditionalProperties = false' in the schema generation, so it can be extended with arbitrary JSON properties to allow adding custom data.",
	  "javaType": "CustomData",
	  "type": "object",
	  "properties": {
		"vendorId": {
		  "type": "string",
		  "maxLength": 255
		}
	  },
	  "required": [
		"vendorId"
	  ]
	},
	"ReportBaseEnumType": {
	  "description": "This field specifies the report base.\r\n",
	  "javaType": "ReportBaseEnum",
	  "type": "string",
	  "additionalProperties": false,
	  "enum": [
		"ConfigurationInventory",
		"FullInventory",
		"SummaryInventory"
	  ]
	}
  },
  "type": "object",
  "additionalProperties": false,
  "properties": {
	"customData": {
	  "$ref": "#/definitions/CustomDataType"
	},
	"requestId": {
	  "description": "The Id of the request.\r\n",
	  "type": "integer"
	},
	"reportBase": {
	  "$ref": "#/definitions/ReportBaseEnumType"
	}
  },
  "required": [
	"requestId",
	"reportBase"
  ]
}