﻿{
  "$schema": "http://json-schema.org/draft-06/schema#",
  "comment": "OCPP 2.0 - v1p0",
  "definitions": {
    "ChargingProfilePurposeEnumType": {
      "type": "string",
      "additionalProperties": true,
      "enum": [
        "ChargingStationExternalConstraints",
        "ChargingStationMaxProfile",
        "TxDefaultProfile",
        "TxProfile"
      ]
    },
    "ClearChargingProfileType": {
      "javaType": "ClearChargingProfile",
      "type": "object",
      "additionalProperties": true,
      "properties": {
        "id": {
          "type": "integer"
        },
        "chargingProfilePurpose": {
          "$ref": "#/definitions/ChargingProfilePurposeEnumType"
        },
        "stackLevel": {
          "type": "integer"
        }
      }
    }
  },
  "type": "object",
  "additionalProperties": true,
  "properties": {
    "evseId": {
      "type": "integer"
    },
    "chargingProfile": {
      "$ref": "#/definitions/ClearChargingProfileType"
    }
  }
}