﻿{
  "$schema": "http://json-schema.org/draft-06/schema#",
  "comment": "OCPP 2.0 - v1p0",
  "type": "object",
  "additionalProperties": true,
  "properties": {
    "status": {
      "type": "string",
      "additionalProperties": true,
      "enum": [
        "Accepted",
        "SignatureError",
        "CertificateExpired",
        "CertificateRevoked",
        "NoCertificateAvailable",
        "CertChainError",
        "ContractCancelled"
      ]
    }
  },
  "required": [
    "status"
  ]
}