﻿{
  "$schema": "http://json-schema.org/draft-06/schema#",
  "comment": "OCPP 2.0 - v1p0",
  "type": "object",
  "additionalProperties": true,
  "properties": {
    "status": {
      "type": "string",
      "additionalProperties": true,
      "enum": [
        "Downloaded",
        "DownloadFailed",
        "Downloading",
        "DownloadScheduled",
        "DownloadPaused",
        "PublishFailed",
        "Published",
        "InvalidChecksum",
        "ChecksumVerified"
      ]
    },
    "location": {
      "type": "string",
      "maxLength": 512
    }
  },
  "required": [
    "status"
  ]
}
