﻿{
  "$schema": "http://json-schema.org/draft-06/schema#",
  "comment": "OCPP 2.0 - v1p0",
  "type": "object",
  "additionalProperties": true,
  "properties": {
    "timestamp": {
      "type": "string",
      "format": "date-time"
    },
    "connectorStatus": {
      "type": "string",
      "additionalProperties": true,
      "enum": [
        "Available",
        "Occupied",
        "Reserved",
        "Unavailable",
        "Faulted"
      ]
    },
    "evseId": {
      "type": "integer"
    },
    "connectorId": {
      "type": "integer"
    }
  },
  "required": [
    "timestamp",
    "connectorStatus",
    "evseId",
    "connectorId"
  ]
}