﻿{
  "$schema": "http://json-schema.org/draft-06/schema#",
  "comment": "OCPP 2.0 - v1p0",
  "definitions": {
    "MessageTriggerEnumType": {
      "type": "string",
      "additionalProperties": true,
      "enum": [
        "BootNotification",
        "LogStatusNotification",
        "FirmwareStatusNotification",
        "Heartbeat",
        "MeterValues",
        "SignChargingStationCertificate",
        "SignV2GCertificate",
        "StatusNotification",
        "TransactionEvent"
      ]
    },
    "EVSEType": {
      "javaType": "EVSE",
      "type": "object",
      "additionalProperties": true,
      "properties": {
        "id": {
          "type": "integer"
        },
        "connectorId": {
          "type": "integer"
        }
      },
      "required": [
        "id"
      ]
    }
  },
  "type": "object",
  "additionalProperties": true,
  "properties": {
    "evse": {
      "$ref": "#/definitions/EVSEType"
    },
    "requestedMessage": {
      "$ref": "#/definitions/MessageTriggerEnumType"
    }
  },
  "required": [
    "requestedMessage"
  ]
}