﻿{
  "$schema": "http://json-schema.org/draft-06/schema#",
  "comment": "OCPP 2.0 - v1p0",
  "definitions": {
    "FirmwareType": {
      "javaType": "Firmware",
      "type": "object",
      "additionalProperties": true,
      "properties": {
        "location": {
          "type": "string",
          "maxLength": 512
        },
        "retrieveDateTime": {
          "type": "string",
          "format": "date-time"
        },
        "installDateTime": {
          "type": "string",
          "format": "date-time"
        },
        "signingCertificate": {
          "type": "string",
          "maxLength": 800
        },
        "signature": {
          "type": "string",
          "maxLength": 800
        }
      },
      "required": [
        "location",
        "retrieveDateTime"
      ]
    }
  },
  "type": "object",
  "additionalProperties": true,
  "properties": {
    "retries": {
      "type": "integer"
    },
    "retryInterval": {
      "type": "integer"
    },
    "requestId": {
      "type": "integer"
    },
    "firmware": {
      "$ref": "#/definitions/FirmwareType"
    }
  },
  "required": [
    "requestId",
    "firmware"
  ]
}