{
  "$schema": "http://json-schema.org/draft-06/schema#",
  "$id": "urn:OCPP:Cp:1.6:2020:3:DeleteCertificate.conf",
  "definitions": {
    "DeleteCertificateStatusEnumType": {
      "type": "string",
      "additionalProperties": false,
      "enum": [
        "Accepted",
        "Failed",
        "NotFound"
      ]
    }
  },
  "type": "object",
  "additionalProperties": false,
  "properties": {
    "status": {
      "$ref": "#/definitions/DeleteCertificateStatusEnumType"
    }
  },
  "required": [
    "status"
  ]
}