{
    "$schema": "http://json-schema.org/draft-04/schema#",
    "title": "ReserveNowResponse",
    "type": "object",
    "properties": {
        "status": {
            "type": "string",
            "additionalProperties": false,
            "enum": [
                "Accepted",
                "Faulted",
                "Occupied",
                "Rejected",
                "Unavailable"
            ]
        }
    },
    "additionalProperties": false,
    "required": [
        "status"
    ]
}
