{
    "$schema": "http://json-schema.org/draft-04/schema#",
    "title": "UpdateFirmwareRequest",
    "type": "object",
    "properties": {
        "location": {
            "type": "string",
            "format": "uri"
        },
        "retries": {
            "type": "integer"
        },
        "retrieveDate": {
            "type": "string",
            "format": "date-time"
        },
        "retryInterval": {
            "type": "integer"
        }
    },
    "additionalProperties": false,
    "required": [
        "location",
        "retrieveDate"
    ]
}
